0,https://farm1.staticflickr.com/187/480005705_29ba7a1e1c_o.jpg
1,
2,https://farm4.staticflickr.com/3828/11858969343_954a9c67f5_o.jpg
3,https://farm5.staticflickr.com/4680/24251779457_cfd8a2ea2f_o.png
4,
5,https://farm5.staticflickr.com/4751/38424169560_56d645eec5_o.jpg
6,https://farm3.staticflickr.com/2278/2175977708_c355ef3987_o.jpg
7,https://farm8.staticflickr.com/7111/27023342342_6e37eaecaa_o.jpg
8,https://farm8.staticflickr.com/7575/15835574807_82eee76891_o.jpg
9,
10,
11,
12,https://farm3.staticflickr.com/2945/32933879840_0844fb3220_o.jpg
13,https://farm4.staticflickr.com/3170/2399027005_337be85438_o.jpg
14,https://farm3.staticflickr.com/2467/32991371091_f456ba030d_o.jpg
15,https://farm5.staticflickr.com/4075/4918725989_dca41cdeee_o.jpg
16,https://farm4.staticflickr.com/3153/2897284939_21673a6b64_o.jpg
17,https://farm3.staticflickr.com/2846/13802195984_d0a929bbd4_o.jpg
18,https://farm4.staticflickr.com/3023/2737018507_1df38be22e_o.jpg
19,https://farm5.staticflickr.com/4734/39180009441_5ed38352af_o.jpg
20,https://farm8.staticflickr.com/7215/13801839495_ae38de3d1c_o.jpg
21,https://farm5.staticflickr.com/4052/4537377942_eae869c7d9_o.jpg
22,https://farm4.staticflickr.com/3259/2898182548_7ca232ef57_o.jpg
23,https://farm8.staticflickr.com/7244/7296305536_5b371bd5da_o.jpg
24,https://farm8.staticflickr.com/7517/15835002479_785c2e3c68_o.jpg
25,https://farm1.staticflickr.com/210/512933272_7df76bff7c_o.jpg
26,https://farm4.staticflickr.com/3833/9996210244_4549b0a434_o.jpg
27,https://farm4.staticflickr.com/3520/3769807009_8c7ea0085e_o.jpg
28,https://farm3.staticflickr.com/2440/3770578788_503bf8948b_o.jpg
29,https://farm3.staticflickr.com/2541/3770559558_9ab97718d4_o.jpg
30,https://farm1.staticflickr.com/736/21986340244_0054d81f89_o.jpg
31,
32,https://farm8.staticflickr.com/7405/16413992655_922d671f41_o.jpg
33,https://farm3.staticflickr.com/2644/3762930345_b447a7d2fb_o.jpg
34,https://farm4.staticflickr.com/3542/3770598388_1a6b333a42_o.jpg
35,
36,https://farm2.staticflickr.com/1225/1457032271_04080931f7_o.jpg
37,
38,https://farm3.staticflickr.com/2509/3769809751_1571fbbf3a_o.jpg
39,https://farm4.staticflickr.com/3073/3262432000_c295c3ebf7_o.jpg
40,https://farm8.staticflickr.com/7296/9996211344_2982774c8c_o.jpg
41,https://farm5.staticflickr.com/4154/5042050398_9dee9f3c39_o.jpg
42,https://farm4.staticflickr.com/3242/3769808315_a48f2639c3_o.jpg
43,https://farm3.staticflickr.com/2464/3770543794_75de4c5343_o.jpg
44,https://farm3.staticflickr.com/2538/3769796545_68b6b128a1_o.jpg
45,https://farm2.staticflickr.com/1080/1456981199_b904ceef4a_o.jpg
46,https://farm4.staticflickr.com/3448/3406762006_427148d586_o.jpg
47,https://farm5.staticflickr.com/4054/4573584318_49f037a219_o.jpg
48,https://farm3.staticflickr.com/2432/3769747207_f88ea2dfaf_o.jpg
49,https://farm3.staticflickr.com/2610/3770564152_0f8508bd4c_o.jpg
50,
51,
52,https://farm3.staticflickr.com/2591/3671569366_e5c59b0f80_o.jpg
53,
54,https://farm1.staticflickr.com/295/19846238504_f18bc81c50_o.jpg
55,
56,
57,https://farm5.staticflickr.com/4319/35465940673_89d3f2d127_o.jpg
58,https://farm1.staticflickr.com/811/41396047542_9657c05497_o.jpg
59,
60,
61,
62,https://farm6.staticflickr.com/5137/5495095835_345c0c5500_o.jpg
63,
64,https://farm4.staticflickr.com/3452/3762930257_cb84813c44_o.jpg
65,https://farm4.staticflickr.com/3928/15299940000_c29d3a0da4_o.jpg
66,https://farm3.staticflickr.com/2639/3769753883_0fe2a53453_o.jpg
67,https://farm6.staticflickr.com/5214/5495252809_5d86382a56_o.jpg
68,https://farm4.staticflickr.com/3206/2898182256_c4714f867f_o.jpg
69,https://farm4.staticflickr.com/3433/3769815837_ac3781dd4e_o.jpg
70,https://farm3.staticflickr.com/2554/3770552420_ebaf5cd4f3_o.jpg
71,
72,
73,https://farm2.staticflickr.com/1600/26015641174_533ef5027a_o.jpg
74,
75,https://farm3.staticflickr.com/2573/3770583722_3999c65cf3_o.jpg
76,
77,https://farm3.staticflickr.com/2542/3769787593_bb5fd32924_o.jpg
78,https://farm1.staticflickr.com/759/23163849773_55aeb627ba_o.jpg
79,
80,https://farm6.staticflickr.com/5600/15486632265_fd8a3b9518_o.jpg
81,https://farm4.staticflickr.com/3594/3406761896_29fce1f67f_o.jpg
82,
83,https://farm2.staticflickr.com/1231/1456981227_37251555dc_o.jpg
84,https://farm3.staticflickr.com/2446/3770544532_bb3d8dbe71_o.jpg
85,https://farm8.staticflickr.com/7238/7160364178_700b6d3198_o.jpg
86,
87,
88,https://farm3.staticflickr.com/2675/4016835795_44f567b36f_o.jpg
89,https://farm4.staticflickr.com/3450/3711252838_fa5a5465e4_o.jpg
90,https://farm4.staticflickr.com/3604/3406761956_b731440aae_o.jpg
91,https://farm4.staticflickr.com/3238/2899188060_9a3cec4a65_o.jpg
92,https://farm1.staticflickr.com/177/473811233_dec21785e4_o.jpg
93,https://farm6.staticflickr.com/5054/5501152120_71bb2c07b8_o.png
94,https://farm2.staticflickr.com/1726/41847263444_3623daeee2_o.jpg
95,https://farm5.staticflickr.com/4454/37599239760_c6b00732f0_o.jpg
96,
97,https://farm8.staticflickr.com/7344/9104168734_f43964e2c9_o.jpg
98,https://farm9.staticflickr.com/8067/8222641893_559e94a54e_o.jpg
99,https://farm4.staticflickr.com/3613/3529220828_743368c3de_o.jpg
