0,
1,https://farm6.staticflickr.com/5227/5678419466_916be781ce_o.jpg
2,https://farm5.staticflickr.com/4023/4382954738_19dac4da03_o.jpg
3,
4,
5,https://farm2.staticflickr.com/1253/848706993_86a85ac048_o.jpg
6,https://farm9.staticflickr.com/8038/7921093966_e12df1e3b3_o.jpg
7,https://farm3.staticflickr.com/2280/1518659302_b0ca73d41d_o.jpg
8,https://farm4.staticflickr.com/3210/2952700824_35efa9f9c0_o.jpg
9,
10,https://farm1.staticflickr.com/678/33339265496_e7f7a9cac7_o.jpg
11,https://farm1.staticflickr.com/66/175244160_22ce242371_o.jpg
12,
13,https://farm2.staticflickr.com/1246/938636154_8beef5a39a_o.jpg
14,https://farm3.staticflickr.com/2815/33899641311_f42d0a3c4e_o.jpg
15,https://farm3.staticflickr.com/2252/2284499887_b9d13323cd_o.jpg
16,
17,https://farm3.staticflickr.com/2868/9394575271_3ba7effebb_o.jpg
18,
19,https://farm9.staticflickr.com/8042/7987889780_78ddacd198_o.jpg
20,https://farm9.staticflickr.com/8436/8014740538_65713c369b_o.jpg
21,
22,https://farm4.staticflickr.com/3222/2691554853_4a586ea6ee_o.jpg
23,https://farm4.staticflickr.com/3285/5825906482_359dc1a46c_o.jpg
24,https://farm2.staticflickr.com/1723/27952206287_09f572a4ed_o.jpg
25,
26,
27,
28,https://farm1.staticflickr.com/130/389403276_9160bf6100_o.jpg
29,https://farm1.staticflickr.com/42/99807500_cefc510b5b_o.jpg
30,https://farm5.staticflickr.com/4039/4518080529_91cbc4c28b_o.jpg
31,https://farm4.staticflickr.com/3375/3271611301_ca75726230_o.jpg
32,https://farm5.staticflickr.com/4029/4591744231_25bfdc7772_o.jpg
33,https://farm9.staticflickr.com/8390/8493523549_f10792c312_o.jpg
34,
35,https://farm4.staticflickr.com/3296/3040279502_8f19175c8b_o.jpg
36,https://farm2.staticflickr.com/1390/1444033313_ff50716f3a_o.jpg
37,https://farm4.staticflickr.com/3272/2576123799_92db929cc4_o.jpg
38,https://farm4.staticflickr.com/3288/2795208275_1c197e0344_o.jpg
39,https://farm4.staticflickr.com/3513/3967091857_ddc0790269_o.jpg
40,https://farm4.staticflickr.com/3174/3017520597_e1bf64607e_o.jpg
41,https://farm5.staticflickr.com/4286/34746706913_2373baeb89_o.jpg
42,https://farm5.staticflickr.com/4358/36154484880_f52e62ff8b_o.jpg
43,https://farm1.staticflickr.com/76/197702247_c91b2ab51a_o.jpg
44,https://farm6.staticflickr.com/5107/5879182801_a7f061c443_o.jpg
45,https://farm7.staticflickr.com/6083/6124619696_fcb1cc4477_o.jpg
46,https://farm7.staticflickr.com/6044/6849456018_4e41c2a11c_o.jpg
47,https://farm3.staticflickr.com/2946/15356665611_d713d10c6f_o.jpg
48,https://farm3.staticflickr.com/2499/5714459125_5881e4f877_o.jpg
49,https://farm4.staticflickr.com/3248/2313364066_ccd67fa027_o.jpg
50,
51,https://farm1.staticflickr.com/130/389403276_9160bf6100_o.jpg
52,https://farm8.staticflickr.com/7322/10400546446_078ba30d77_o.jpg
53,
54,
55,
56,
57,
58,https://farm1.staticflickr.com/226/523993791_c69b47a30f_o.jpg
59,https://farm1.staticflickr.com/4/8406114_2ac692789f_o.jpg
60,https://farm9.staticflickr.com/8023/7607172964_af444d8c3c_o.jpg
61,https://farm5.staticflickr.com/4116/4850736771_f072405169_o.jpg
62,https://farm4.staticflickr.com/3895/14632842840_6f053bb3ec_o.jpg
63,https://farm6.staticflickr.com/5121/5312842916_b8beba511a_o.jpg
64,https://farm5.staticflickr.com/4044/4542045581_3bb26ce74e_o.jpg
65,https://farm4.staticflickr.com/3363/3650456006_8c362db3a6_o.jpg
66,https://farm3.staticflickr.com/2878/13226021585_1e992906b0_o.png
67,https://farm8.staticflickr.com/7254/7453817826_1a6cc4d166_o.jpg
68,https://farm1.staticflickr.com/33/41857738_75aa4d6b78_o.jpg
69,https://farm7.staticflickr.com/6151/6176725131_aa1fa9bf6d_o.jpg
70,https://farm8.staticflickr.com/7095/7331362176_abe9715045_o.jpg
71,
72,https://farm4.staticflickr.com/3503/3214560655_0ab329afd9_o.jpg
73,https://farm5.staticflickr.com/4097/35687354066_8f2150d266_o.jpg
74,https://farm3.staticflickr.com/2724/4286548536_0d370d05d0_o.jpg
75,https://farm3.staticflickr.com/2647/4242195122_cdc2f3f5c6_o.jpg
76,https://farm2.staticflickr.com/1385/994701300_a15fa44109_o.jpg
77,https://farm1.staticflickr.com/73/213835864_591f2b2391_o.jpg
78,
79,https://farm3.staticflickr.com/2201/2205802647_1e07b8c7b6_o.jpg
80,https://farm1.staticflickr.com/51/149906189_bcd3b112c1_o.jpg
81,https://farm4.staticflickr.com/3134/2695823078_bdf15b525a_o.jpg
82,
83,https://farm5.staticflickr.com/4026/4649366574_67f0e9c4e2_o.jpg
84,https://farm3.staticflickr.com/2582/4048306569_43e7c4bb1a_o.jpg
85,
86,https://farm3.staticflickr.com/2789/4118027372_c934b7d1e5_o.jpg
87,https://farm4.staticflickr.com/3331/3223657799_34440dbde3_o.jpg
88,https://farm6.staticflickr.com/5208/5319840726_d5c5e47091_o.jpg
89,https://farm4.staticflickr.com/3268/2695005931_534078af4f_o.jpg
90,https://farm4.staticflickr.com/3730/9458238535_c68b7c018c_o.jpg
91,https://farm5.staticflickr.com/4208/35595841881_ac09bfc339_o.jpg
92,https://farm7.staticflickr.com/6106/6322903569_b684e5ea86_o.jpg
93,
94,
95,https://farm1.staticflickr.com/23/37483134_0371e168f5_o.jpg
96,https://farm4.staticflickr.com/3201/2766741878_576a9d30f0_o.jpg
97,https://farm4.staticflickr.com/3191/3072074170_750c4c5cb5_o.jpg
98,
99,https://farm6.staticflickr.com/5137/5548951778_9a11508a0a_o.jpg
