0,https://farm4.staticflickr.com/3012/2722797155_922e7f60f5_o.jpg
1,
2,https://farm4.staticflickr.com/3003/2653089863_10226c1f9f_o.jpg
3,https://farm9.staticflickr.com/8555/8703081187_c270391946_o.jpg
4,https://farm7.staticflickr.com/6083/6042549069_5a66517190_o.jpg
5,https://farm3.staticflickr.com/2293/1809501619_fcbe1638a6_o.jpg
6,https://farm4.staticflickr.com/3026/2709105663_c59cb0891d_o.jpg
7,https://farm4.staticflickr.com/3574/3343877560_a50c6d0e64_o.jpg
8,https://farm4.staticflickr.com/3494/3299153195_1217b92fd9_o.jpg
9,https://farm3.staticflickr.com/2131/2108445601_3df0e78606_o.jpg
10,https://farm8.staticflickr.com/7247/7773755678_cc3def7442_o.jpg
11,https://farm8.staticflickr.com/7260/7602310650_3f52d0b22b_o.jpg
12,
13,https://farm2.staticflickr.com/1015/1228708129_c9cecf7ba3_o.jpg
14,https://farm9.staticflickr.com/8482/8157926324_72f50b3fe8_o.jpg
15,https://farm4.staticflickr.com/3717/9133822734_1a9d5df814_o.jpg
16,https://farm4.staticflickr.com/3170/2974185204_ce004f6b7f_o.jpg
17,https://farm4.staticflickr.com/3869/15097058387_8acb488e19_o.jpg
18,
19,https://farm3.staticflickr.com/2001/1769830628_5be99458a4_o.jpg
20,
21,
22,https://farm6.staticflickr.com/5586/14367391929_fd5a57b64f_o.jpg
23,
24,https://farm3.staticflickr.com/2122/2195597318_b7ba126c1e_o.jpg
25,https://farm3.staticflickr.com/2554/3834997214_d4f60c0ca7_o.jpg
26,https://farm3.staticflickr.com/2261/2349431832_23737df7d0_o.jpg
27,https://farm4.staticflickr.com/3273/2963137666_7b546768c6_o.jpg
28,
29,
30,
31,https://farm3.staticflickr.com/2006/2469629989_564e8f61b5_o.jpg
32,
33,https://farm4.staticflickr.com/3407/3207711591_5492089da5_o.jpg
34,
35,https://farm4.staticflickr.com/3045/3096175792_620f4ab6f0_o.jpg
36,https://farm9.staticflickr.com/8114/8679875078_65b03816f6_o.jpg
37,https://farm3.staticflickr.com/2219/2270344267_e5ec9a0973_o.jpg
38,https://farm4.staticflickr.com/3141/3044566536_7d7cb62be8_o.jpg
39,https://farm4.staticflickr.com/3226/2721022574_e0e3f210ac_o.jpg
40,https://farm4.staticflickr.com/3594/3435686738_269048a7cb_o.jpg
41,https://farm4.staticflickr.com/3267/2552609398_8a776cb8a9_o.jpg
42,https://farm6.staticflickr.com/5481/12414864645_ab49bea3e2_o.jpg
43,https://farm4.staticflickr.com/3205/2991482458_e4659aa053_o.jpg
44,https://farm6.staticflickr.com/5484/11308799056_5bc1e88c46_o.jpg
45,
46,https://farm4.staticflickr.com/3024/2570173520_be159cdc69_o.jpg
47,https://farm4.staticflickr.com/3186/3101514433_4dae5b41e2_o.jpg
48,
49,
50,https://farm6.staticflickr.com/5172/5499722424_313af1a3bb_o.jpg
51,
52,https://farm3.staticflickr.com/2196/1998274166_abab99da20_o.jpg
53,
54,https://farm3.staticflickr.com/2020/2351980854_849cb51e68_o.jpg
55,https://farm3.staticflickr.com/2285/1576027651_cab20aaf7f_o.jpg
56,
57,
58,
59,https://farm3.staticflickr.com/2246/2225903404_d86d307fcd_o.jpg
60,
61,https://farm4.staticflickr.com/3144/2295101043_19de5d24e8_o.jpg
62,https://farm3.staticflickr.com/2387/2179589751_3b33c0afcc_o.jpg
63,https://farm2.staticflickr.com/1337/1378392516_b822e51220_o.jpg
64,https://farm3.staticflickr.com/2273/2171460230_1c9a8e6776_o.jpg
65,https://farm4.staticflickr.com/3269/3055803586_6b1d7275b7_o.jpg
66,
67,
68,
69,https://farm3.staticflickr.com/2003/2342136759_e8e7bd54f9_o.jpg
70,
71,
72,
73,
74,https://farm8.staticflickr.com/7175/6742197609_8f1e302164_o.jpg
75,
76,https://farm3.staticflickr.com/2106/2159159420_a4948ddf86_o.jpg
77,https://farm3.staticflickr.com/2625/3911899074_865ccde653_o.jpg
78,https://farm4.staticflickr.com/3115/3122227327_4f9ab8dab3_o.jpg
79,
80,
81,https://farm8.staticflickr.com/7426/12200220464_775bf37f2a_o.jpg
82,https://farm4.staticflickr.com/3051/3051732653_185bdf2aae_o.jpg
83,
84,
85,
86,
87,
88,
89,
90,
91,https://farm3.staticflickr.com/2314/2167731433_df651ba4cd_o.jpg
92,https://farm4.staticflickr.com/3078/2838985865_697d6c3650_o.jpg
93,https://farm4.staticflickr.com/3293/2965796323_9c82252f2c_o.jpg
94,
95,
96,
97,https://farm6.staticflickr.com/5259/5576506156_02dccf47e1_o.jpg
98,https://farm3.staticflickr.com/2072/2336319556_07116b957d_o.jpg
99,
